{"cameraMode":{"drawMode":0,"name":"Shaded","section":"Shading Mode"},"sceneLighting":false,"audioPlay":false,"sceneViewState":{"showFog":true,"showMaterialUpdate":true,"showSkybox":false,"showFlares":true,"showImageEffects":true,"showParticleSystems":true},"in2DMode":false,"pivot":{"x":2.9224605560302736,"y":2.133103370666504,"z":3.5757791996002199},"rotation":{"x":0.354012131690979,"y":-0.4441854655742645,"z":0.1967650204896927,"w":0.7991610169410706},"size":13.582206726074219,"orthographic":false}