{"cameraMode":{"drawMode":0,"name":"Shaded","section":"Shading Mode"},"sceneLighting":false,"audioPlay":false,"sceneViewState":{"showFog":true,"showMaterialUpdate":true,"showSkybox":false,"showFlares":true,"showImageEffects":true,"showParticleSystems":true},"in2DMode":false,"pivot":{"x":-0.09466147422790528,"y":0.028606440871953965,"z":0.0},"rotation":{"x":0.354012131690979,"y":-0.4441854655742645,"z":0.1967650204896927,"w":0.7991610169410706},"size":9.747228622436524,"orthographic":false}