{"cameraMode":{"drawMode":0,"name":"Shaded","section":"Shading Mode"},"sceneLighting":false,"audioPlay":false,"sceneViewState":{"showFog":true,"showMaterialUpdate":true,"showSkybox":false,"showFlares":true,"showImageEffects":true,"showParticleSystems":true},"in2DMode":false,"pivot":{"x":-6.926168918609619,"y":-2.060800552368164,"z":-1.4323723316192628},"rotation":{"x":-0.34132543206214907,"y":-0.5277379155158997,"z":0.24388541281223298,"w":-0.7385862469673157},"size":30.991071701049806,"orthographic":false}