{"cameraMode":{"drawMode":0,"name":"Shaded","section":"Shading Mode"},"sceneLighting":false,"audioPlay":false,"sceneViewState":{"showFog":true,"showMaterialUpdate":true,"showSkybox":false,"showFlares":true,"showImageEffects":true,"showParticleSystems":true},"in2DMode":false,"pivot":{"x":-1.9166101217269898,"y":3.1686947345733644,"z":-1.4715490341186524},"rotation":{"x":-0.16512182354927064,"y":-0.1846294403076172,"z":0.03148358315229416,"w":-0.9683261513710022},"size":2.920980453491211,"orthographic":false}