{"cameraMode":{"drawMode":0,"name":"Shaded","section":"Shading Mode"},"sceneLighting":false,"audioPlay":false,"sceneViewState":{"showFog":true,"showMaterialUpdate":true,"showSkybox":false,"showFlares":true,"showImageEffects":true,"showParticleSystems":true},"in2DMode":false,"pivot":{"x":-0.3383265733718872,"y":0.06664538383483887,"z":-0.36853837966918948},"rotation":{"x":-0.4004674553871155,"y":-0.2703467011451721,"z":0.12493620067834854,"w":-0.8665618896484375},"size":5.141969680786133,"orthographic":false}