{"cameraMode":{"drawMode":0,"name":"Shaded","section":"Shading Mode"},"sceneLighting":false,"audioPlay":false,"sceneViewState":{"showFog":true,"showMaterialUpdate":true,"showSkybox":false,"showFlares":true,"showImageEffects":true,"showParticleSystems":true},"in2DMode":false,"pivot":{"x":2.3122177124023439,"y":5.079684257507324,"z":0.13956496119499207},"rotation":{"x":-0.1791735142469406,"y":0.36675015091896059,"z":-0.0722074806690216,"w":-0.9100424647331238},"size":6.199907302856445,"orthographic":false}