{"cameraMode":{"drawMode":0,"name":"Shaded","section":"Shading Mode"},"sceneLighting":false,"audioPlay":false,"sceneViewState":{"showFog":true,"showMaterialUpdate":true,"showSkybox":false,"showFlares":true,"showImageEffects":true,"showParticleSystems":true},"in2DMode":false,"pivot":{"x":-8.351932525634766,"y":11.390101432800293,"z":13.013614654541016},"rotation":{"x":-0.3658916652202606,"y":-0.5567232966423035,"z":0.29795020818710329,"w":-0.6836725473403931},"size":11.044719696044922,"orthographic":false}