{"cameraMode":{"drawMode":0,"name":"Shaded","section":"Shading Mode"},"sceneLighting":false,"audioPlay":false,"sceneViewState":{"showFog":true,"showMaterialUpdate":true,"showSkybox":false,"showFlares":true,"showImageEffects":true,"showParticleSystems":true},"in2DMode":false,"pivot":{"x":5.079131126403809,"y":5.858916759490967,"z":-3.53019380569458},"rotation":{"x":-0.20253439247608186,"y":0.22022755444049836,"z":-0.046801451593637469,"w":-0.9530420899391174},"size":9.503884315490723,"orthographic":false}