{"cameraMode":{"drawMode":0,"name":"Shaded","section":"Shading Mode"},"sceneLighting":false,"audioPlay":false,"sceneViewState":{"showFog":true,"showMaterialUpdate":true,"showSkybox":false,"showFlares":true,"showImageEffects":true,"showParticleSystems":true},"in2DMode":false,"pivot":{"x":4.20643949508667,"y":2.0545434951782228,"z":-5.584949493408203},"rotation":{"x":-0.18816028535366059,"y":-0.2511274218559265,"z":0.049834612756967548,"w":-0.9481810331344605},"size":11.557352066040039,"orthographic":false}