{"cameraMode":{"drawMode":0,"name":"Shaded","section":"Shading Mode"},"sceneLighting":false,"audioPlay":false,"sceneViewState":{"showFog":true,"showMaterialUpdate":true,"showSkybox":false,"showFlares":true,"showImageEffects":true,"showParticleSystems":true},"in2DMode":false,"pivot":{"x":0.975506067276001,"y":-0.6315985918045044,"z":-0.7229933738708496},"rotation":{"x":0.354012131690979,"y":-0.4441854655742645,"z":0.1967650204896927,"w":0.7991610169410706},"size":23.205135345458986,"orthographic":false}