{"cameraMode":{"drawMode":0,"name":"Shaded","section":"Shading Mode"},"sceneLighting":false,"audioPlay":false,"sceneViewState":{"showFog":true,"showMaterialUpdate":true,"showSkybox":false,"showFlares":true,"showImageEffects":true,"showParticleSystems":true},"in2DMode":false,"pivot":{"x":0.08352494239807129,"y":0.12601959705352784,"z":0.3676474690437317},"rotation":{"x":0.32581445574760439,"y":-0.4309159517288208,"z":0.17036712169647218,"w":0.824094295501709},"size":1.2000572681427003,"orthographic":false}