{"cameraMode":{"drawMode":0,"name":"Shaded","section":"Shading Mode"},"sceneLighting":true,"audioPlay":false,"sceneViewState":{"showFog":true,"showMaterialUpdate":true,"showSkybox":true,"showFlares":true,"showImageEffects":true,"showParticleSystems":true},"in2DMode":false,"pivot":{"x":37.61018753051758,"y":0.0,"z":80.23983764648438},"rotation":{"x":0.054661910980939868,"y":0.8607386946678162,"z":-0.4971776604652405,"w":0.09463349729776383},"size":74.85263061523438,"orthographic":false}