{"cameraMode":{"drawMode":0,"name":"Shaded","section":"Shading Mode"},"sceneLighting":false,"audioPlay":false,"sceneViewState":{"showFog":true,"showMaterialUpdate":true,"showSkybox":false,"showFlares":true,"showImageEffects":true,"showParticleSystems":true},"in2DMode":false,"pivot":{"x":0.5815730094909668,"y":-0.18039120733737946,"z":0.5588833093643189},"rotation":{"x":0.354012131690979,"y":-0.4441854655742645,"z":0.1967650204896927,"w":0.7991610169410706},"size":2.1000571250915529,"orthographic":false}