{"cameraMode":{"drawMode":0,"name":"Shaded","section":"Shading Mode"},"sceneLighting":false,"audioPlay":false,"sceneViewState":{"showFog":true,"showMaterialUpdate":true,"showSkybox":false,"showFlares":true,"showImageEffects":true,"showParticleSystems":true},"in2DMode":false,"pivot":{"x":2.446533441543579,"y":-0.8152673244476318,"z":2.233330726623535},"rotation":{"x":0.354012131690979,"y":-0.4441854655742645,"z":0.1967650204896927,"w":0.7991610169410706},"size":5.7000579833984379,"orthographic":false}