{"cameraMode":{"drawMode":0,"name":"Shaded","section":"Shading Mode"},"sceneLighting":false,"audioPlay":false,"sceneViewState":{"showFog":true,"showMaterialUpdate":true,"showSkybox":false,"showFlares":true,"showImageEffects":true,"showParticleSystems":true},"in2DMode":false,"pivot":{"x":-0.7317569851875305,"y":0.006928164511919022,"z":-0.0030410438776016237},"rotation":{"x":0.4714258313179016,"y":-0.10822205990552902,"z":0.05842136591672897,"w":0.8732884526252747},"size":4.323859691619873,"orthographic":false}